osm_id,osm_type,capa,nombre,lat,lon,amenity,healthcare,shop,brand,direccion,barrio
626129892,node,colegios,"Colegio INEM ""Luis Lopez de Mesa""",4.1395622,-73.6283019,school,,,,,
1230072274,node,colegios,Colegio,4.1234964,-73.6347626,school,,,,,
1230078640,node,colegios,Sin nombre,4.1316077,-73.6346446,school,,,,,
1232475833,node,colegios,Colegio,4.1305058,-73.631139,school,,,,,
1232484401,node,colegios,Colegio Francisco Arango,4.1441333,-73.6399849,school,,,,,
1240039162,node,colegios,Colegio 6 de Abril,4.1440037,-73.6073533,school,,,,,
1240466907,node,colegios,Bachillerato Femenino,4.1365148,-73.6278501,school,,,,,
1240466908,node,colegios,Colegio la Normal,4.1375795,-73.6287389,school,,,,,
1689410558,node,colegios,Concepción Palacios,4.1539434,-73.639064,school,,,,,
1708665753,node,colegios,Institucion Educativa Colegio John F. Kennedy,4.1291513,-73.6348413,school,,,,,
3221067728,node,colegios,Fundación Universitaria San Martín,4.1368962,-73.638568,university,,,,,
4175170230,node,colegios,Colegio Manuela Beltrán,4.1395748,-73.6124727,school,,,,,
4175172000,node,colegios,Sena sede Popular,4.1396093,-73.6133915,school,,,,Calle 24A,
4278386790,node,colegios,Departamental Catumare,4.1088129,-73.6529151,school,,,,,
4278386791,node,colegios,Catumare Campestre,4.1096911,-73.6489185,school,,,,,
4428385489,node,colegios,PEQUEÑOS.SABIOS,4.1613722,-73.6492253,kindergarten,,,,,
4455378191,node,colegios,Universidad Cooperativa de Colombia,4.1161067,-73.609179,university,,,,,
4738719127,node,colegios,Institución Educativa Narciso José Matus Torres - Sede Manantial,4.1482602,-73.6049938,school,,,,,
4844520021,node,colegios,Institución Educativa Comegio Guillermo Niño Medina,4.1308487,-73.6147819,school,,,,,
4884550421,node,colegios,Escuela de música Mozart,4.1456222,-73.6380534,school,,,,Carrera 37,
4927153322,node,colegios,CENTAUROS Escuela de Aviación,4.1644366,-73.6194534,school,,,,,
5141305531,node,colegios,Colegio Campestre Lisua,4.1020989,-73.6585963,college,,,,,
5291891170,node,colegios,Arnulfo Briseño Contreras Sede Kirpas,4.1175538,-73.5849214,college,,,,,
5645727545,node,colegios,Juan Pablo II,4.1581399,-73.6587096,college,,,,,
5647898524,node,colegios,Institucion Educativa Arulfro Briseño Contreras,4.1155576,-73.5975397,school,,,,,
5709596235,node,colegios,Institucion Educativa Arnilfo Briseño Contresras,4.1199197,-73.596017,school,,,,,
6809780069,node,colegios,Colegio Nuestra Señora De La Paz,4.09756,-73.660784,school,,,,,
7823214872,node,colegios,I.E COLEGIO DEPARTAMENTAL GILBERTO ALZATE AVENDAÑO.,4.122633,-73.6279931,school,,,,,
7823738403,node,colegios,Academia Campaña Libertadora,4.1390347,-73.5855304,school,,,,Carrera 18 Este,
9136390386,node,colegios,Colegio Infantil Getsemaní,4.1070789,-73.6486933,school,,,,,
9735513642,node,colegios,Universidad Del Meta,4.1477008,-73.6364672,university,,,,,
11327785643,node,colegios,Colegio INEM,4.1390764,-73.6389019,school,,,,,
11386402073,node,colegios,Colegio Pedagógico del Meta,4.1488069,-73.617695,college,,,,,
11389253792,node,colegios,Aunar,4.1030418,-73.5909936,university,,,,,
11439152858,node,colegios,Jardín Infantil 20 de Julio,4.1469683,-73.6265905,kindergarten,,,,,
12479768522,node,colegios,Institución Educativa Col Centauros,4.1131243,-73.6129994,school,,,,,
12479768525,node,colegios,Jardín Instantes Magicos,4.1022184,-73.6509899,school,,,,,
12479768528,node,colegios,OTRA-SIGLA CENANFO,4.1275517,-73.6381194,school,,,,,
12479768530,node,colegios,Colegio Mi Mundo Infantil,4.1189311,-73.625447,school,,,,,
12479768543,node,colegios,Colegio Espiritu Santo,4.1409186,-73.6407713,school,,,,,
12479768549,node,colegios,OTRA-SIGLA SANTO ANGEL GIMNASIO,4.1424607,-73.6423556,school,,,,,
12479768551,node,colegios,Institución Ciudad de Villavicencio,4.1223121,-73.6286146,school,,,,,
12479768558,node,colegios,Colegio La Casita del Saber,4.1375501,-73.6428636,school,,,,,
12479768566,node,colegios,Unidad Educ Concepción Palacios,4.1540254,-73.6387755,school,,,,,
12479768575,node,colegios,Gimnasio Javeriano de Colombia,4.1450169,-73.6364381,school,,,,,
12479768577,node,colegios,Liceo Moderno,4.1394007,-73.6153236,school,,,,,
12479768578,node,colegios,Institución Educativa Descubriendo Mi Mundo,4.1556888,-73.633718,school,,,,,
12479768584,node,colegios,Gimnasio Domingo Savio de Villavicencio,4.145702,-73.6373977,school,,,,,
12479768585,node,colegios,ACADEMIA CAMPAÑA LIBERTADORA,4.1490182,-73.6188216,school,,,,,
12479768587,node,colegios,Liceo Los Lanceros,4.1593304,-73.6378619,school,,,,,
12479768588,node,colegios,Jardín Infantil Bubu y Sus Amigos,4.1502125,-73.6082208,school,,,,,
12479768592,node,colegios,Concentración Policarpa Salavarrieta,4.1584591,-73.6379614,school,,,,,
12479786501,node,colegios,Gimnasio Baby Garden School,4.1456122,-73.6413382,school,,,,,
12479786506,node,colegios,Gimnasio Integral Momentos Magicos,4.1179439,-73.6520481,school,,,,,
12479786507,node,colegios,OTRA-SIGLA CONL BAS ANTONIO RICAURTE,4.1455556,-73.6278984,school,,,,,
12479786511,node,colegios,Colegio San Fernando,4.084564,-73.6682386,school,,,,,
12479786512,node,colegios,Gimnasio Cerros del Saber,4.1542924,-73.6392121,school,,,,,
12479786515,node,colegios,Colegio Coop de Bta Antonio Villavicencio,4.1258516,-73.6339857,school,,,,,
12479786516,node,colegios,Institución Educativa Col Buenos Aires,4.129139,-73.655726,school,,,,,
12479786518,node,colegios,Escuela La Ceiba,4.1442792,-73.6162777,school,,,,,
12479786524,node,colegios,Colegio Unioriente,4.1536056,-73.6368808,school,,,,,
12479786526,node,colegios,OTRA-SIGLA BABY CARE GYM SCHOOL,4.1390316,-73.6436607,school,,,,,
12479786528,node,colegios,Colegio Itec,4.147402,-73.6396958,school,,,,,
12479786530,node,colegios,Liceo Da Vinci,4.1462583,-73.6374401,school,,,,,
12479786537,node,colegios,Escuela Galán Virrey,4.1564779,-73.6581764,school,,,,,
12479786538,node,colegios,Escuela San Jorge,4.1090374,-73.6528284,school,,,,,
12479786540,node,colegios,Preescolar Obelix,4.1241963,-73.6213585,school,,,,,
12479786542,node,colegios,Gimnasio Educ Pilos y Pilosos,4.1531856,-73.6373632,school,,,,,
12479786543,node,colegios,Centro Educativo Cristiano Luis M Ortiz,4.1375159,-73.6323685,school,,,,,
12479786544,node,colegios,OTRA-SIGLA PREESC MI ANGELITO DE LA GUARDA,4.079107,-73.6703534,school,,,,,
12479786556,node,colegios,Institución Educativa Col Bas Santa Ines,4.1394253,-73.5803106,school,,,,,
12479786559,node,colegios,Colegio Adventista de Villavicencio,4.1443407,-73.6390716,school,,,,,
12479786560,node,colegios,Gimnasio Integral Nuevas Aventuras,4.119263,-73.6504369,school,,,,,
12479786565,node,colegios,Institución José Asunción Silva,4.1032399,-73.660263,school,,,,,
12479786566,node,colegios,Escuela Nueva La Cecilia,4.108877,-73.594062,school,,,,,
12479786567,node,colegios,Gimnasio Educ Pissingos,4.1464198,-73.6126198,school,,,,,
12479786569,node,colegios,Escuela La Primavera,4.130315,-73.6214669,school,,,,,
12479786570,node,colegios,COLEGIO CRISTIANO PUENTE DE SALVACIÓN,4.1782859,-73.6420429,school,,,,,
12479786576,node,colegios,Institución Central Superior,4.1510038,-73.6358564,school,,,,,
12479786577,node,colegios,Jardín Infantil Nal Villavicencio,4.1298325,-73.636008,school,,,,,
12479786581,node,colegios,Colegio Santa Martha,4.1387117,-73.5855854,school,,,,,
12479786583,node,colegios,Liceo Inf Licato,4.1299562,-73.6176501,school,,,,,
12479786591,node,colegios,OTRA-SIGLA JARDÍN INFANTIL SENDEROS DE ALEGRÍA,4.0828901,-73.6623728,school,,,,,
12479786592,node,colegios,INSTITUCION RAFAEL NUÑEZ,4.0798263,-73.6688028,school,,,,,
12479786594,node,colegios,Institución Departamental de Med Tec,4.1363621,-73.6245591,school,,,,,
12479786595,node,colegios,Liceo Pedagogico Corazon de Jesus,4.1321673,-73.6204338,school,,,,,
12479786601,node,colegios,Jardín Infantil El Tren Magico,4.1274664,-73.6342095,school,,,,,
12479786602,node,colegios,Colegio Nicolás de Federman,4.1488337,-73.6207184,school,,,,,
12479786603,node,colegios,Colegio Departamental Catumare,4.1099257,-73.6488811,school,,,,,
12479786605,node,colegios,Colegio La Salle,4.150743,-73.6424832,school,,,,,
12479786606,node,colegios,Institución Educativa María Laura Montoya,4.1362609,-73.6329208,school,,,,,
12479786612,node,colegios,Concentración Veinte de Julio,4.1482615,-73.6254639,school,,,,,
12479786614,node,colegios,Escuela Nueva Cairo Alto,4.17247,-73.589062,school,,,,,
12479786615,node,colegios,Institución Nal Fco José de Caldas,4.1495094,-73.6309426,school,,,,,
12479786622,node,colegios,Jardín Infantil Manitas Creativas,4.1327751,-73.629297,school,,,,,
12479786623,node,colegios,OTRA-SIGLA LA CASA DE LOS NIÑOS,4.1073506,-73.6504012,school,,,,,
12479786625,node,colegios,OTRA-SIGLA LOS PAMPANOS PRESCHOOL,4.1102839,-73.6257474,school,,,,,
12479786627,node,colegios,JARDIN INFANTIL GRANDES SUEÑOS MAGICOS,4.1340259,-73.6334609,school,,,,,
12479786631,node,colegios,Escuela Chapinero,4.1589967,-73.6558033,school,,,,,
12479786633,node,colegios,Colegio Mis Primeras Letras,4.139677,-73.6226882,school,,,,,
12479786634,node,colegios,Jardín Infantil La Sagrada Familia,4.0828444,-73.669896,school,,,,,
12479786639,node,colegios,OTRA-SIGLA EST EDUC GRAL CARLOS ALBAN,4.08177,-73.6718775,school,,,,,
12479786646,node,colegios,Colegio Departamental Luis Carlos Galán S,4.083619,-73.6678031,school,,,,,
12479786648,node,colegios,JARDIN INFANTIL PEQUEÑOS SABIOS,4.161866,-73.6503688,school,,,,,
12479786651,node,colegios,Colegio Betty Camacho de Rangel,4.1342875,-73.6111443,school,,,,,
12479786661,node,colegios,Colegio Ilusiones Infantiles,4.1598217,-73.6354648,school,,,,,
12479786668,node,colegios,ESCUELA CATALUÑA,4.1345463,-73.6091099,school,,,,,
12479786671,node,colegios,Liceo Internacional,4.1443523,-73.6423977,school,,,,,
12479786672,node,colegios,Colegio Mi Mundo Encantado,4.1279429,-73.6335028,school,,,,,
12479786673,node,colegios,Colegio Bas Francisco Arango,4.1411083,-73.6379639,school,,,,,
12479786674,node,colegios,Institución Metropolitano del Meta Sas,4.119597,-73.5968965,school,,,,,
12479786687,node,colegios,Institución Los Andes,4.1562938,-73.6375092,school,,,,,
12479786689,node,colegios,Institución Andina de Educ Formal de Adultos,4.1530206,-73.6378755,school,,,,,
12479786690,node,colegios,OTRA-SIGLA JARD MATERNAL AVENTURAS EN PAÑALES,4.1462485,-73.6417411,school,,,,,
12479786692,node,colegios,Colegio Bas Guatiquia,4.134386,-73.6330431,school,,,,,
12479786693,node,colegios,COLEGIO PEQUEÑOS GIGANTES,4.1504802,-73.6224136,school,,,,,
12479786695,node,colegios,Unidad Educ Seis de Abril,4.126758,-73.6139531,school,,,,,
12479786702,node,colegios,Gimnasio Pedagogico Howard Gardner,4.1249255,-73.6338762,school,,,,,
12479786703,node,colegios,Colegio Hog Familia de Nazareth,4.1010019,-73.652296,school,,,,,
12479786704,node,colegios,COLEGIO MI PEQUEÑO MUNDO,4.1455806,-73.6414233,school,,,,,
12479786709,node,colegios,Escuela Narciso Matus Torres,4.1330716,-73.6201362,school,,,,,
12479786714,node,colegios,Colegio Nuestra Señora de la Paz,4.0976324,-73.6611427,school,,,,,
12479786716,node,colegios,Colegio Abraham Lincoln,4.1408878,-73.6308871,school,,,,,
12479786720,node,colegios,Colegio Sagrado Corazon,4.1451117,-73.6414418,school,,,,,
12479786724,node,colegios,Escuela Atanasio Girardot,4.1430862,-73.585882,school,,,,,
12479786726,node,colegios,Institución Educ Lideres del Futuro,4.1528707,-73.6354398,school,,,,,
12479786732,node,colegios,Colegio Latinoamericano,4.1392261,-73.6172807,school,,,,,
12479786733,node,colegios,Gimnasio Baby Garden School,4.1455963,-73.6407124,school,,,,,
12479786738,node,colegios,Institución Asemcont,4.145113,-73.641783,school,,,,,
12479786739,node,colegios,Colegio Nuestra Señora de Fatima Ponal,4.1605703,-73.6430446,school,,,,,
12479786745,node,colegios,COLEGIO CASITA DE SUEÑOS,4.158589,-73.6348824,school,,,,,
12479786746,node,colegios,OTRA-SIGLA CENACAP,4.1291966,-73.6364269,school,,,,,
12479786749,node,colegios,Jardín Infantil Pilositos de Cenacap,4.1281787,-73.6380158,school,,,,,
12479786752,node,colegios,Colegio Ped Decroly,4.1360551,-73.6291068,school,,,,,
12479786753,node,colegios,Escuela Las Camelias,4.1371166,-73.6092024,school,,,,,
12479786755,node,colegios,Colegio Bas Marco Fidel Suarez,4.14995,-73.6311361,school,,,,,
12479786756,node,colegios,Escuela Nueva San Pedro Claver,4.1399087,-73.6173434,school,,,,,
12479786758,node,colegios,Jardín Infantil Mi Tobogan,4.1284358,-73.6374067,school,,,,,
12479786760,node,colegios,Colegio Departamental Juan B Caballero,4.1240058,-73.6490788,school,,,,,
12479786771,node,colegios,Jardín Infantil Los Cuentos de Molonga,4.1302452,-73.5925826,school,,,,,
12479786772,node,colegios,Colegio Nuestra Señora del Carmen,4.1490526,-73.622293,school,,,,,
12479786773,node,colegios,Unidad Educ Playa Rica,4.1186972,-73.6287778,school,,,,,
12479786777,node,colegios,Colegio Biling Jean Piaget,4.1177001,-73.6295255,school,,,,,
12479786784,node,colegios,JARDIN INFANTIL NUEVA GENERACIÓN,4.1362092,-73.6403519,school,,,,,
12479786785,node,colegios,Escuela Francisco de Miranda,4.1487429,-73.6354335,school,,,,,
12479786786,node,colegios,Colegio Miguel Angel Martín,4.1321794,-73.6276767,school,,,,,
12479786794,node,colegios,OTRA-SIGLA INDOSTAN,4.0793017,-73.5815644,school,,,,,
12479786797,node,colegios,Colegio Mi Universo,4.1562628,-73.633127,school,,,,,
12479786807,node,colegios,Escuela San Carlos,4.1344161,-73.5890827,school,,,,,
12479786820,node,colegios,Colegio Naldo Fem de Bachillerato,4.1365213,-73.6279408,school,,,,,
12479786835,node,colegios,Centro Educativo Cent de Educ Mafalda,4.1517596,-73.6228485,school,,,,,
12479786837,node,colegios,Colegio Manantial de la Alegria,4.1612124,-73.651286,school,,,,,
12479786842,node,colegios,Institución Educ Menegua,4.1390188,-73.6085339,school,,,,,
12479786846,node,colegios,Escuela Villa Julia,4.1540712,-73.6313082,school,,,,,
12479786848,node,colegios,Liceo Mundo de la Fantasia,4.115603,-73.6071,school,,,,,
12479786849,node,colegios,Colegio Nuevo Mundo,4.1558732,-73.6375084,school,,,,,
12479786850,node,colegios,Colegio Inem Luis Lopez de Mesa,4.1395361,-73.6280566,school,,,,,
12479786854,node,colegios,Colegio Departamental San Francisco de Asis,4.1299324,-73.5922332,school,,,,,
12479786855,node,colegios,OTRA-SIGLA MALALA YOUSAFZAI,4.0765901,-73.6733714,school,,,,,
12479786860,node,colegios,Jardín Infantil Mis Amiguitos,4.1435952,-73.6386198,school,,,,,
12479786869,node,colegios,Colegio Psicopedag Biling Shalom,4.0846454,-73.6682373,school,,,,,
12479786877,node,colegios,COLEGIO DPTAL GILBERTO ALZATE AVENDAÑO,4.1227697,-73.6278528,school,,,,,
12479786879,node,colegios,UNIDAD EDUC ARNULFO BRICEÑO CONTRERAS,4.1173679,-73.5848533,school,,,,,
12479786883,node,colegios,Colegio Imperial de Los Llanos,4.1197211,-73.597271,school,,,,,
12479786887,node,colegios,Escuela Nueva La Poyata,4.18493,-73.58436,school,,,,,
12479786898,node,colegios,OTRA-SIGLA RISITAS MAGICAS,4.1272975,-73.6136783,school,,,,,
12479786899,node,colegios,Escuela San Luis de Boyaca,4.1478818,-73.6217978,school,,,,,
12479786900,node,colegios,Sede Campestre,4.1183739,-73.6004798,school,,,,,
12479786902,node,colegios,Escuela Juan de Dios Bermudez,4.1200328,-73.5960507,school,,,,,
12479786905,node,colegios,Colegio Bas Anthony A Phipps,4.1361555,-73.6326548,school,,,,,
12479786913,node,colegios,Colegio Manuela Beltran,4.1396204,-73.6078773,school,,,,,
12479786915,node,colegios,Unidad Educ Pio Xii,4.144887,-73.630593,school,,,,,
12479786920,node,colegios,Escuela Rural Juan Pablo Ii,4.1043,-73.623425,school,,,,,
12479786928,node,colegios,Gimnasio Interactivo Llaneritos Pluss,4.0832507,-73.6633972,school,,,,,
12479786948,node,colegios,Escuela La Desmotadora,4.1460308,-73.6109779,school,,,,,
12479786953,node,colegios,COLEGIO MPAL DE BTO GUILLERMO NIÑO MEDINA,4.1310206,-73.6144743,school,,,,,
12479786955,node,colegios,Colegio Mundo Futurista,4.1476236,-73.6391463,school,,,,,
12479786956,node,colegios,Jardín Infantil La Tata,4.1593671,-73.6398633,school,,,,,
12479786961,node,colegios,COLEGIO DE EDUC BAS ANTONIO NARIÑO,4.1602213,-73.6477445,school,,,,,
12479786963,node,colegios,Colegio Mi Mundo Creador,4.1370914,-73.6199176,school,,,,,
12479786967,node,colegios,Escuela El Jordan,4.151398,-73.6230787,school,,,,,
12479786977,node,colegios,Institución Educativa Instituto Moderno Ameri,4.1519699,-73.6368614,school,,,,,
12479786982,node,colegios,Liceo Pedag La Libertad,4.08367,-73.6696923,school,,,,,
12479786983,node,colegios,OTRA-SIGLA PREESC AVENTURAS MAGICAS,4.1046827,-73.6572674,school,,,,,
12479786989,node,colegios,Institución Moderno Americano,4.08406,-73.668264,school,,,,,
12479786990,node,colegios,Colegio Claretiano,4.149039,-73.62043,school,,,,,
12479786994,node,colegios,Institución Educ Doce de Octubre,4.1590032,-73.6517319,school,,,,,
12479786995,node,colegios,Academia Militar José Antonio Paez,4.101261,-73.65001,school,,,,,
12479787008,node,colegios,Colegio Cervantes Saavedra,4.1372377,-73.6315232,school,,,,,
12479787014,node,colegios,Jardín Infantil Alexis Carrel,4.1233231,-73.6302959,school,,,,,
12479787017,node,colegios,Escuela Nueva Contadero,4.16837,-73.672152,school,,,,,
12479787019,node,colegios,Escuela Ay Mi Llanura,4.1314043,-73.6088406,school,,,,,
12479787020,node,colegios,Colegio Travesuras,4.1240236,-73.621586,school,,,,,
12479787021,node,colegios,Colegio Taller de la Alegria,4.1234028,-73.6207361,school,,,,,
12479787022,node,colegios,Sede El Topacio,4.1523844,-73.607138,school,,,,,
12479787025,node,colegios,Gimnasio Los Alcazares,4.1555872,-73.6378298,school,,,,,
12479787027,node,colegios,Escuela Jaime Rook,4.1581463,-73.6421692,school,,,,,
12479787030,node,colegios,Colegio Departamental Narciso José Matus Torres,4.151222,-73.613112,school,,,,,
12479787031,node,colegios,Colegio Bas Jhon F Kennedy,4.1291538,-73.6347587,school,,,,,
12479787033,node,colegios,Liceo Republica de Colombia,4.1483192,-73.638993,school,,,,,
12479787034,node,colegios,OTRA-SIGLA CHIQUIPLAY CENT INF,4.1416056,-73.638221,school,,,,,
12479787039,node,colegios,OTRA-SIGLA JARD MATERNAL Y PREESC LAS AVENTURAS DEL TIO,4.144589,-73.6399985,school,,,,,
12479787040,node,colegios,Colegio Pedag San Agustín,4.1188069,-73.5905075,school,,,,,
12479787048,node,colegios,Liceo Creadores,4.1301943,-73.616062,school,,,,,
12479787055,node,colegios,Concentración Escuela Antonia Santos,4.1362058,-73.6344175,school,,,,,
12479787057,node,colegios,Colegio Harry Potter,4.1341078,-73.5908316,school,,,,,
12479787058,node,colegios,Colegio El Divino Salvador,4.131502,-73.613571,school,,,,,
12479787061,node,colegios,Colegio Lumbreras del Futuro,4.0779891,-73.670754,school,,,,,
12479787073,node,colegios,Colegio Inf San Diego,4.1497229,-73.6208097,school,,,,,
12479787077,node,colegios,Jardín Infantil La Ballenita Azul,4.1269941,-73.6373259,school,,,,,
12479787083,node,colegios,Colegio Departamental Alberto Lleras Camargo,4.1303252,-73.6119299,school,,,,,
12479787085,node,colegios,Colegio Inteligente,4.1387937,-73.6432464,school,,,,,
12479787086,node,colegios,Colegio Integral Los Angeles,4.1206759,-73.6515679,school,,,,,
12479787087,node,colegios,Escuela San Antonio de Padua,4.1540386,-73.6190229,school,,,,,
12479787109,node,colegios,Escuela Nueva Vanguardia,4.170096,-73.621544,school,,,,,
12479787111,node,colegios,Concentración Escuela Villa Bolívar,4.1225472,-73.6339028,school,,,,,
12479787115,node,colegios,Academia Antonia Santos,4.1563401,-73.6511606,school,,,,,
12479787116,node,colegios,Gimnasio Campestre El Bosque,4.1326554,-73.6351932,school,,,,,
12479787123,node,colegios,Colegio Nuestra Señora de Fatima,4.159828,-73.6389702,school,,,,,
12479787126,node,colegios,Escuela Las Palmas Ciudad Porfia,4.0734602,-73.6709029,school,,,,,
12479787127,node,colegios,Escuela Catatumbo,4.1403222,-73.6226333,school,,,,,
12479787128,node,colegios,Jardín Infantil Mi Mundo Magico,4.1387487,-73.6417682,school,,,,,
12479787134,node,colegios,Escuela Mesetas Bajas,4.1412615,-73.6381815,school,,,,,
12479787135,node,colegios,OTRA-SIGLA JARD Y MATERNAL MALUFS,4.1359027,-73.6378857,school,,,,,
12479787142,node,colegios,OTRA-SIGLA EL TREN DEL SABER,4.1429692,-73.63954,school,,,,,
12479787144,node,colegios,Institución Educ Los Comuneros,4.1260711,-73.6282063,school,,,,,
12479787145,node,colegios,Escuela Villa Lorena,4.1179917,-73.6272028,school,,,,,
12479787147,node,colegios,Colegio Biling del Llano Antes Inst Antonio José,4.0780048,-73.6714562,school,,,,,
12479787152,node,colegios,Institución Educativa de la Sabana,4.1531751,-73.638328,school,,,,,
12479787156,node,colegios,Liceo Psicopedag José Martín,4.137149,-73.630769,school,,,,,
12479787164,node,colegios,Jardín Infantil Childrens World School,4.1247314,-73.6221392,school,,,,,
12479787166,node,colegios,Colegio Liceo del Rosario,4.1588234,-73.6475548,school,,,,,
12479787171,node,colegios,Colegio El Tesoro del Saber,4.1249101,-73.6304453,school,,,,,
12479787174,node,colegios,Colegio Camp Elisua,4.1025807,-73.6583886,school,,,,,
12479787179,node,colegios,OTRA-SIGLA GIMANSIO KINDER GARDEN SEMILLAS DE VIDA,4.1368643,-73.6401482,school,,,,,
12479787187,node,colegios,Escuela Nuevo Horizonte,4.1045048,-73.6494374,school,,,,,
12479787190,node,colegios,Institución Educ I C C E,4.1297869,-73.6313594,school,,,,,
12479787197,node,colegios,Colegio Maruja Hernandez de Gil,4.1535813,-73.6360865,school,,,,,
12479787199,node,colegios,Colegio Petroschool,4.1466423,-73.6375869,school,,,,,
12479787200,node,colegios,Jardín Infantil La Alegria de Vivir,4.1161189,-73.6178484,school,,,,,
12479787201,node,colegios,Gimnasio Los Ocobos Antes Jard Inf Enanitos,4.0839058,-73.6682518,school,,,,,
12479787203,node,colegios,Unidad Educ Col Departamental Eduardo Carranza,4.1396744,-73.6140296,school,,,,,
12479787206,node,colegios,OTRA-SIGLA PREESC JARD CELESTIAL,4.1009698,-73.6565694,school,,,,,
12479787209,node,colegios,Colegio Peniel de Villavicencio,4.1425027,-73.622602,school,,,,,
12479787212,node,colegios,Institución Jorge Isaac,4.1486513,-73.6391614,school,,,,,
12479787214,node,colegios,Colegio Departamental La Esperanza,4.1319991,-73.6356032,school,,,,,
12479787223,node,colegios,Liceo Gral Serviez,4.081265,-73.570467,school,,,,,
12479787226,node,colegios,Escuela La Rochela,4.1025661,-73.6498944,school,,,,,
12479787231,node,colegios,Liceo Inf Hansel y Grettel,4.1214115,-73.6332853,school,,,,,
12479787233,node,colegios,Colegio Eureka,4.1503579,-73.6173171,school,,,,,
12479787235,node,colegios,Institución Tec Ind,4.1355588,-73.6270775,school,,,,,
12479787241,node,colegios,Institución Educativa María Laura Montoya,4.135998,-73.63261,school,,,,,
12479787242,node,colegios,Colegio Omar Lopez Robayo,4.138155,-73.629173,school,,,,,
12479787243,node,colegios,Colegio Santo Angel,4.1265352,-73.6329075,school,,,,,
12479787252,node,colegios,Liceo Anglo Frances,4.1409767,-73.590185,school,,,,,
12479787255,node,colegios,Colegio Plaza Sesamo,4.159598,-73.6523961,school,,,,,
12479787256,node,colegios,Institución Politec José Celestino Mutis,4.1509521,-73.6348587,school,,,,,
12479787262,node,colegios,Colegio Pedag del Meta,4.084005,-73.6653571,school,,,,,
12479787265,node,colegios,Colegio Juan José Rondon,4.1239695,-73.6232531,school,,,,,
12479787276,node,colegios,Colegio Los Angeles,4.1211006,-73.6228918,school,,,,,
12479787282,node,colegios,Institución Educativa Cetel,4.1455795,-73.6383765,school,,,,,
12479787285,node,colegios,Escuela El Manantial,4.1486875,-73.6046514,school,,,,,
12479787287,node,colegios,Escuela Marco Antonio Pinilla,4.1282452,-73.5881941,school,,,,,
12479787290,node,colegios,OTRA-SIGLA JARD MATERNAL Y PREESC PERSONITAS,4.155212,-73.6347258,school,,,,,
12479787291,node,colegios,Sede Nueva Colombia,4.151491,-73.5946642,school,,,,,
12479787293,node,colegios,Liceo Andino,4.0795806,-73.6736378,school,,,,,
12479787294,node,colegios,Colegio de Educ Bas Fco de Paula Santander,4.1570089,-73.6334711,school,,,,,
12479787296,node,colegios,Colegio Jorge Isaacs,4.1300493,-73.6375662,school,,,,,
12479787298,node,colegios,Colegio San Gabriel,4.1602373,-73.6470039,school,,,,,
12479787299,node,colegios,Institución Educativa Col Jesse Owens,4.1318185,-73.5874621,school,,,,,
12479787301,node,colegios,Colegio Departamental Jorge Eliecer Gaitan,4.1393207,-73.5868731,school,,,,,
12479787305,node,colegios,Institución Politecnico Agroind,4.1478012,-73.6359311,school,,,,,
12479787307,node,colegios,INSTITUCION PETROLERO EDUCACIÓN DE ADULTOS,4.1444204,-73.6431761,school,,,,,
12479787314,node,colegios,Institución Educ La Alborada,4.1218764,-73.6214236,school,,,,,
12479787319,node,colegios,Escuela Camilo Torres Restrepo,4.1321393,-73.6294707,school,,,,,
12479787321,node,colegios,Colegio Superior de Oriente,4.119676,-73.597227,school,,,,,
12479787323,node,colegios,Liceo La Sabana,4.1387738,-73.6118201,school,,,,,
12479787325,node,colegios,Escuela Nueva Teusaquillo,4.1182917,-73.6255556,school,,,,,
12479787332,node,colegios,Liceo Moderno María Montessori,4.1464038,-73.6161396,school,,,,,
12479787339,node,colegios,Institución Educativa German Arciniegas Antes Antonio Villavice,4.1272897,-73.6369628,school,,,,,
12479787343,node,colegios,Colegio Semillas de Paz,4.0797211,-73.6700727,school,,,,,
12479787346,node,colegios,Institución Lic Gral de Colombia,4.1443963,-73.6407461,school,,,,,
12479787347,node,colegios,Colegio Psicopedag San Nicolás,4.143868,-73.6421162,school,,,,,
12479787352,node,colegios,Liceo Pedag Mentes Creativas,4.0795215,-73.6712178,school,,,,,
12479787355,node,colegios,OTRA-SIGLA PEQUEÑOS PLANETAS DE LOS NIÑOS,4.1407465,-73.6404254,school,,,,,
12479787357,node,colegios,COLEGIO ARNULFO BRICEÑO C,4.1479079,-73.60509,school,,,,,
12479787359,node,colegios,Liceo Colombo Latino,4.1470468,-73.6401656,school,,,,,
12479787364,node,colegios,Liceo Inf Hasbleydy,4.1446264,-73.6117638,school,,,,,
12479787369,node,colegios,Escuela Gaviotas,4.1154131,-73.5977148,school,,,,,
12479787371,node,colegios,Liceo Tecnologico del Llano,4.1567881,-73.6387953,school,,,,,
12479787389,node,colegios,Colegio Departamental Juan Pablo Ii,4.0817847,-73.6706717,school,,,,,
12479787394,node,colegios,Escuela Nueva El Amor,4.097763,-73.62964,school,,,,,
12479787398,node,colegios,Colegio Gimn Interactivo,4.1269956,-73.6175873,school,,,,,
12479787399,node,colegios,INSTITUCION EDUCATIVA JARDÍN INFANTIL SENDEROS DE ALEGRÍA,4.082918,-73.6590573,school,,,,,
12479787402,node,colegios,Escuela Normal Superior de Villavicencio,4.1379724,-73.6285157,school,,,,,
12479787404,node,colegios,Jardín Infantil Chiquitines,4.1627335,-73.6408815,school,,,,,
12479787406,node,colegios,Colegio Juanita de Arco,4.1043821,-73.6442154,school,,,,,
13071380201,node,colegios,Jamestown English Center,4.1458047,-73.6396951,school,,,,Carrera 38,
13634942551,node,colegios,Francisco Arango Sede Mesetas,4.1463335,-73.6554799,school,,,,,
107143620,way,colegios,Escuela Francisco Miranda,4.1495,-73.6354398,school,,,,,
107194898,way,colegios,Centro Industrial y de Servicios,4.1263831,-73.6399895,college,,,,,
107198819,way,colegios,Colegio Cooperativo Antonio Villavicencio,4.1257018,-73.6341037,school,,,,"Colegio Cooperativo, Cl. 8 #41-67, Villavicencio, Meta",
107198821,way,colegios,Colegio,4.1272615,-73.6369988,school,,,,,
107200079,way,colegios,Colegio,4.1435456,-73.6410654,school,,,,,
107246988,way,colegios,Minuto de Dios,4.1521244,-73.6403778,university,,,,,
107383097,way,colegios,Sin nombre,4.1422613,-73.6257963,school,,,,,
107383810,way,colegios,Mega Colegio Caldas,4.1494254,-73.6315823,school,,,,,
107383836,way,colegios,Sin nombre,4.1502027,-73.631527,school,,,,,
107390686,way,colegios,Univesidad de la Costa (Villavicencio),4.1202755,-73.6442106,university,,,,,
108278125,way,colegios,Universidad de los Llanos Sede Barcelona,4.0743842,-73.5833112,university,,,,,
108489122,way,colegios,Colegio,4.1383102,-73.5863856,school,,,,,
158091860,way,colegios,Colegio COFREM,4.1471841,-73.6207821,college,,,,,
183027857,way,colegios,Universidad de los Llanos Sede San Antonio,4.1462709,-73.6429672,university,,,,,
183027858,way,colegios,Universidad del Meta,4.147663,-73.6364715,university,,,,,
235233623,way,colegios,Escuela,4.1374613,-73.6755882,school,,,,,
344851585,way,colegios,Colegio La Salle,4.150204,-73.6415478,school,,,,,
547188526,way,colegios,Colegio San Francisco de Asís,4.126377,-73.6267823,school,,,,,
547190252,way,colegios,Escuela La Alborada,4.1221103,-73.6213295,school,,,,,
547371854,way,colegios,"Colegio INEM ""Luis Lopez De Mesa""",4.1391358,-73.6281773,school,,,,,
547373557,way,colegios,Escuela la Vainilla,4.1470769,-73.623593,school,,,,,
598988231,way,colegios,Colegio cultural,4.1492889,-73.6345987,school,,,,,
617546519,way,colegios,Uniminuto Villavicencio,4.1123918,-73.6344132,university,,,,,
696254393,way,colegios,Instituto Técnico Industrial,4.1355674,-73.6262132,school,,,,,
762405034,way,colegios,Colegio Comunal Albert Enstein,4.1033687,-73.654103,school,,,,Calle 24A Sur,
771654731,way,colegios,Institución Educativa Antonio Ricaurte CASD,4.1363337,-73.6246636,school,,,,,
771655573,way,colegios,Colegio Teresita Vidal,4.1139797,-73.5869387,school,,,,,
771656259,way,colegios,Universidad Santo Tomás,4.1220353,-73.6153422,university,,,,,
838217591,way,colegios,escuela Juan Pablo II,4.1586374,-73.6587911,college,,,,,
868598217,way,colegios,Colegio Bilingue Oxford,4.0881926,-73.5710393,school,,,,,
1295999847,way,colegios,Gimnasio Los Ocobos,4.1719016,-73.590142,school,,,,"KM 2.5, Vereda el Cairo, Via Villavicencio-Restrepo",
1386915641,way,colegios,Falcultad de ciencias agropecuarias y recursos naturales,4.0745271,-73.5858311,university,,,,,
1386915642,way,colegios,Oficina de archivo general de la Universidad,4.0745151,-73.5860524,university,,,,,
1386915643,way,colegios,Sala de profesores ciencias animales,4.0745174,-73.5860146,university,,,,,
1386915644,way,colegios,Escuela de ciencias animales,4.074519,-73.5859847,university,,,,,
1386915645,way,colegios,Programa MVZ,4.0745215,-73.5859331,university,,,,,
1387419753,way,colegios,Cafeteria MVZ,4.0744657,-73.5859823,university,,,,,
1387419754,way,colegios,Oficina del decano facultad de ciencias agropecuarias recursos naturales,4.074476,-73.585798,university,,,,,
1387419755,way,colegios,Secretaria academica de la  facultad de ciencias agropecuarias recursos naturales,4.0744725,-73.5858687,university,,,,,
1387419757,way,colegios,Laboratorios de Electronica,4.0743693,-73.5858917,university,,,,,
1387419758,way,colegios,Grupo de estudios en nutricion animal(avicultura),4.0743614,-73.5859957,university,,,,,
1387419761,way,colegios,Sala 1 electronica,4.0743729,-73.5858431,university,,,,,
1387419762,way,colegios,Sala 3 electronica,4.0743652,-73.5859414,university,,,,,
1387420860,way,colegios,CEU (Consejo Estudiantil Universitario),4.0743073,-73.585785,university,,,,,
1387422019,way,colegios,Aula B18-3 (salon 24) JUMBO,4.074124,-73.5860368,university,,,,,
1387422020,way,colegios,Aula B18-2 (salon 22),4.074136,-73.5859724,university,,,,,
1387422021,way,colegios,Especializacion en Accion Motriz,4.0741399,-73.585917,university,,,,,
1387422023,way,colegios,Aula B18-1 (salon 18),4.0741477,-73.5857845,university,,,,,
1387427420,way,colegios,Aula B17-1 (salon 34),4.0739752,-73.5856546,university,,,,,
1387427422,way,colegios,Programa de licenciatura en matemáticas y física (en reconstrucción),4.0739657,-73.5857942,university,,,,,
1387427423,way,colegios,Aula B17-2 (salon 40),4.0739609,-73.5858616,university,,,,,
1387427424,way,colegios,Aula B17-3 (salon 42),4.0739566,-73.5859239,university,,,,,
1387430757,way,colegios,Laboratorios de Biologia,4.073931,-73.5854225,university,,,,,
1387430760,way,colegios,Oficina administrativa Laboratorio de Biologia,4.0739367,-73.5853909,university,,,,,
1387430979,way,colegios,Sala 1 Audiovisuales,4.0741571,-73.58565,university,,,,,
1387430980,way,colegios,Sala 2 Audiovisuales,4.0741739,-73.5854614,university,,,,,
1387430981,way,colegios,Programa de licenciatura en matematicas y fisica (temporal),4.0741794,-73.585559,university,,,,,
1387432287,way,colegios,APULL,4.0745122,-73.5853612,university,,,,,
1387432288,way,colegios,SINTRAUNICOL,4.0745046,-73.5854224,university,,,,,
1387432289,way,colegios,Aula B12-1 (salon 4),4.0745,-73.5854819,university,,,,,
1387432290,way,colegios,Aula B12-4 (salon 10),4.0744854,-73.5856773,university,,,,,
1387432291,way,colegios,Aula B12-3 (salon 8),4.0744909,-73.5856045,university,,,,,
1387432292,way,colegios,Aula B12-2 (salon 6),4.0744957,-73.5855415,university,,,,,
1387433534,way,colegios,casilleros,4.0719581,-73.5843442,university,,,,,
1387433545,way,colegios,tarima coliseo,4.0718481,-73.5841915,university,,,,,
1387895257,way,colegios,Aula B601,4.0733585,-73.5844805,university,,,,,
1479828688,way,colegios,Sin nombre,4.1465842,-73.6555432,school,,,,,
